"","c.139.078535009176..176.033597439528..169.596902679186..154.450964098796..","c.38.7480199476704..46.7521248874255..56.2472021346912..48.8138782407623.."
"1",139.078535009176,38.7480199476704
"2",176.033597439528,46.7521248874255
"3",169.596902679186,56.2472021346912
"4",154.450964098796,48.8138782407623
"5",167.570331216557,46.2214220454916
"6",163.802311032778,43.3690729050431
"7",176.12964636297,36.7865013738628
"8",152.353459177539,42.9448162054177
"9",136.676813999657,57.2485047183
"10",143.397307791747,40.1673984329682
"11",162.426536784042,40.2631215308793
"12",163.940602786606,45.5528502550442
"13",182.71953106625,45.0478507927619
"14",162.76366157108,42.4254049337469
"15",177.776430360973,37.8247939771973
"16",180.881562739378,40.8794645301532
"17",189.176376116229,53.2128408167046
"18",141.491702280473,57.8227041661739
"19",179.153361497447,43.9595085941255
"20",156.017758154776,43.603555773152
"21",175.304849906825,38.6756083543878
"22",147.612923502456,39.088514164323
"23",135.383156911703,57.9758466302883
"24",155.481865047477,35.1424478192348
"25",166.033674462233,47.3453311971389
"26",169.112756776158,36.8670659221243
"27",161.25723602483,52.431086342549
"28",184.542291517137,44.193064388819
"29",143.769979298813,44.4661475508474
"30",177.685392105486,45.7461577455979
"31",171.66360301082,43.1339295429643
"32",184.56137785688,47.6790889480617
"33",198.899922664277,53.8720416568685
"34",172.83333725296,53.2214047526941
"35",181.55071479152,35.9110156388488
"36",189.264167918591,52.9479807207827
"37",150.066207913915,42.7926116529852
"38",164.155980224023,44.7098837955855
"39",170.397899813252,59.3450876849238
"40",198.145403608214,39.8435637785587
"41",182.761275549419,57.2413966665044
"42",168.769560322398,49.727844070876
"43",199.604040276026,38.4596726589371
"44",147.581353662536,49.1910748265218
"45",145.858541165944,54.3146981357131
"46",148.222107021138,40.3166232712101
"47",177.578404907836,55.3145496430807
"48",156.12295218627,59.1773478162941
"49",175.356161191594,38.4568776492961
"50",176.560742176371,46.332645569928
"51",146.439984819153,56.8216309731361
"52",162.93467115378,58.9928344148211
"53",176.004241460469,54.2649248929229
"54",184.584235299844,50.2947370777838
"55",136.681183001492,48.4642397926655
"56",181.079507044051,57.7658319927286
"57",147.966195653426,45.2007551991846
"58",144.546477420954,37.6721602538601
"59",140.531491466099,48.1080535065848
"60",170.159188151592,43.8052976701874
"61",149.118300959235,55.9611921047326
"62",135.140212484403,48.7080756947398
"63",152.545071525965,50.6264582357835
"64",186.82992557995,48.4980878676288
"65",151.172526886221,59.1210636158939
"66",138.454248235794,58.6128973250743
"67",184.314048007363,47.0462326041888
"68",171.65127065382,58.5928456881084
"69",157.715829646913,43.4104619279969
"70",147.84738099901,57.0599365595262
"71",170.63066935516,55.0360811664723
"72",194.330260365969,52.1098924824037
"73",175.456038000993,41.4579265192151
"74",169.696750870207,44.4249461253639
"75",152.850253949873,41.7740635073278
"76",180.664967681514,54.7171602980234
"77",185.802133819088,56.8686202017125
"78",169.160508606583,58.2424467103556
"79",184.295734787593,40.3224757604767
"80",162.110707627144,40.764941329835
"81",166.22944204486,44.7968876303639
"82",184.844399470603,43.1768490781542
"83",181.764173238771,50.3548297239468
"84",140.778254093602,48.2964108488522
"85",148.256323781097,39.3203760869801
"86",198.890596674755,39.6954905148596
"87",155.003777478123,49.0373561182059
"88",197.471724116476,48.0451711011119
"89",178.881164668128,35.841550459154
"90",192.723010486225,51.7430051136762
"91",161.129820662318,59.4612814276479
"92",156.18554975139,50.365209360607
"93",180.820565412287,58.7349758681376
"94",180.199486409547,50.8843057288323
"95",157.68134289654,55.2035362424795
"96",161.918692290783,38.642823069822
"97",143.105835553724,53.6388420988806
"98",169.614148301771,53.2770858344156
"99",198.682254228042,48.8878192286938
"100",168.424937777454,59.9872388143558
"101",142.241276667919,59.6227426629048
"102",198.009040227626,52.3150570713915
"103",137.521111603128,36.8822821555659
"104",143.671725231688,52.4507331743371
"105",175.113801602274,58.4552602982149
"106",186.007200195454,37.7829992817715
"107",185.462877061218,38.4912384639028
"108",137.219487286638,39.1173169505782
"109",144.162959896494,52.0499964617193
"110",171.514106760733,48.1109308393206
"111",173.750873676036,53.5505502915476
"112",151.761158776935,36.4026627526619
"113",149.857496061595,39.0545797266532
"114",148.607968498254,47.3151939711533
"115",157.681674119085,35.5066110985354
"116",146.722560191993,59.7714669851121
"117",162.420225349488,45.5020413873717
"118",195.938441001344,55.9501331264619
"119",198.20308123366,58.0141425447073
"120",177.153365944978,47.6356544089504
"121",175.919172187569,48.5532230662648
"122",150.020716027357,46.4347125694621
"123",178.941960334778,43.2128823618405
"124",156.405900990358,55.8058652933687
"125",140.728914450156,52.9090278339572
"126",141.480477519799,49.1015006345697
"127",180.629918067716,38.804059245158
"128",144.445243077353,52.4187375116162
"129",185.370083141606,42.8185336198658
"130",188.847978663398,55.325045986101
"131",177.394569403259,44.6514580014627
"132",162.20633270801,38.7251343543176
"133",144.069233087357,40.7448889128864
"134",170.735621590866,36.3986511330586
"135",158.449701261707,45.7318798953202
"136",174.804062772309,44.6235149947461
"137",143.030038317665,57.9742879164405
"138",149.16676485911,49.7085689241067
"139",166.384318368509,55.253618870629
"140",137.992273176787,50.9676118229982
"141",161.536078235367,35.4925251589157
"142",173.521883137291,49.0863525331952
"143",142.760839653201,57.3834777949378
"144",155.879402959254,36.1746277159546
"145",142.536457868991,51.5792935527861
"146",159.05278207385,45.0202193425503
"147",191.682867163327,43.8055865548085
"148",183.773249640362,41.2334946996998
"149",191.510699663777,41.2928693543654
"150",185.101242713863,37.529994311044
"151",151.117263465421,45.8219158835709
"152",164.831209360855,51.8222957174294
"153",168.532161322655,53.544031213969
"154",136.999988394091,36.710356795229
"155",160.252481846837,37.0092622144148
"156",148.623448044527,42.6265132694971
"157",179.435051607434,41.4945693244226
"158",173.113787979819,40.5756421235856
"159",197.623843117617,35.7219299499411
"160",140.567381667206,37.2805814689491
"161",169.698188614566,52.0020775287412
"162",156.982331251493,44.663487970829
"163",183.688924490707,43.5572448268067
"164",162.156083178706,58.7494317581877
"165",165.196996581508,51.0782267106697
"166",150.218145655235,59.2311416252051
"167",188.201608671807,43.3156711771153
"168",151.505196286598,42.4818127031904
"169",148.897921419702,57.0264826202765
"170",146.225878122495,47.8201333049219
"171",137.386661265045,55.8640116325114
"172",155.15969721484,52.8821705572773
"173",187.81230657245,57.3003443912603
"174",170.13578727725,46.1917050031479
"175",190.06291853264,53.1456155609339
"176",199.339696550742,48.6142472736537
"177",181.019195074914,37.4023650214076
"178",174.074736651964,58.2144634355791
"179",173.374787047505,56.9817573844921
"180",184.327542352257,42.9973604821134
"181",170.624909418402,51.1399969249032
"182",135.956049299566,48.3804852201138
"183",155.794827205827,39.2978518176824
"184",153.077544593252,54.9696592753753
"185",179.003569302149,56.2888168811332
"186",185.328797854017,40.6103894661646
"187",171.474294373766,36.9441295764409
"188",147.832223246805,55.5371532239951
"189",183.455439882819,59.2146873904858
"190",194.386049269233,56.3006095145829
"191",178.676261103246,40.4953693586867
"192",179.273336959304,37.1746089914814
"193",161.680925535038,44.7731502843089
"194",149.186119645601,43.6240450385958
"195",164.135176267009,46.2109549809247
"196",165.313436198048,58.4298076888081
"197",149.713270602515,42.6301877037622
"198",143.151831871364,57.2360970568843
"199",150.282331139315,44.2385512136389
"200",165.080270856852,46.3819244666956
"201",156.318863768829,50.358182246564
"202",192.261574151926,46.827539675869
"203",188.617820098298,41.1254495754838
"204",188.855245809536,43.860289840959
"205",193.60832361388,38.5867267171852
"206",184.204540621722,59.8197300708853
"207",180.304792296374,56.8697635107674
"208",179.601981489686,57.8820760152303
"209",198.530023326166,54.6686753653921
"210",172.979284022003,47.6145065296441
"211",141.121872104704,36.8913842679467
"212",137.428291668184,58.8774732977618
"213",161.631136366632,36.9644800398964
"214",198.367002236191,37.9076624137815
"215",167.581432287116,48.6488966818433
"216",139.879705972271,40.5757215712219
"217",150.891495710239,41.5842292504385
"218",143.381574054947,54.5778111170512
"219",179.529460066697,51.1125528393313
"220",191.592771679861,37.7387122972868
"221",191.597581323003,53.4675036754925
"222",156.744410310639,49.3172991403844
"223",147.021883672569,49.1286390309688
"224",195.486106068129,39.3601521290839
"225",147.482104096562,53.8612267840654
"226",159.942156998441,44.112408029614
"227",188.389741246356,35.9049371059518
"228",160.763748029713,51.9167758431286
"229",173.725008321926,49.6741907577962
"230",186.547828501789,51.2779678066727
"231",152.08734011394,44.1728462313768
"232",188.303189205471,44.7097418096382
"233",195.017125408631,51.9795712048654
"234",152.723975785775,58.8970445585437
"235",190.331437151181,38.1397105543874
"236",188.774680775823,42.5834107177798
"237",189.364090462914,44.2474957578816
"238",140.312101780437,42.3605869780295
"239",176.115866939072,41.6560414386913
"240",196.718769143336,35.5646069184877
"241",160.90169678675,48.8709802995436
"242",194.441532072378,45.6285068788566
"243",191.678441318218,47.1666192542762
"244",147.636175745865,38.346471930854
"245",156.377315452555,58.4893146029208
"246",143.589162813732,58.3365237945691
"247",184.290655456716,55.0483740482014
"248",145.621763598174,48.0405841104221
"249",153.679663806688,38.2081989163999
"250",148.005986020435,43.8952983322088
"251",199.83518969384,36.2664959242102
"252",158.265906694578,56.5236885240301
"253",167.183291830588,35.564861856401
"254",158.604878343176,52.5896301399916
"255",198.830900704488,36.2804418685846
"256",197.235954185016,43.0191415152512
"257",157.968192078406,47.6209667942021
"258",163.817142813932,36.3995817454997
"259",165.370878141839,55.9704409877304
"260",192.047327707987,38.8631692994386
"261",148.212501885137,57.7476298052352
"262",158.101257898379,59.286019365536
"263",170.070234149462,38.6413253401406
"264",143.087840344524,53.8850626465864
"265",174.999846760184,40.5674689705484
"266",191.795146838995,59.1741630481556
"267",165.28918906115,56.4218803797849
"268",156.86537969741,36.669933804078
"269",140.457259236136,52.0067601604387
"270",166.685013518436,53.3667722332757
"271",173.200623344164,47.153376149945
"272",147.543241095264,38.3276292320807
"273",196.03041966795,55.5785037658643
"274",157.528481709305,52.7306052821223
"275",158.216217592126,44.3294353864621
"276",192.219448973192,43.8297375594266
"277",142.574256663211,56.006769296946
"278",156.072203038493,58.0300618743058
"279",173.925650578458,54.6423136687372
"280",183.136908400338,35.6230067461729
"281",184.731834670529,45.6656081334222
"282",155.017221532762,53.2468477927614
"283",182.971339275828,40.1904457737692
"284",166.470645926893,49.2821038258262
"285",147.861282145604,51.3758885348216
"286",179.579627509229,57.618952364428
"287",138.324819174595,42.8889990167227
"288",196.775236094836,41.8732332903892
"289",158.096882706741,42.3595539550297
"290",179.066960251657,35.6102648971137
"291",184.3392038194,53.9532127697021
"292",199.983578801621,47.8669438883662
"293",148.896950195776,55.6102720287163
"294",143.397560211597,48.4564599778969
"295",186.815518700751,55.1603112975135
"296",160.415130867623,49.9637762806378
"297",159.214634743985,53.7362939468585
"298",166.180630486924,43.5325947788078
"299",161.137339047855,43.5476800159086
"300",183.639592156978,49.0092390880454
"301",149.966331316391,36.1476937448606
"302",196.830264726887,45.3598018351477
"303",143.617401465308,47.8076440072618
"304",174.596639791271,46.1855392518919
"305",150.81089285668,39.832261975389
"306",157.706896066666,50.5679791059811
"307",182.201676360564,54.5823612099048
"308",160.634589443216,50.8186663873494
"309",192.997015207075,36.9730692787562
"310",198.350552131888,59.2112137202639
"311",148.308872042689,44.1857337101828
"312",167.52842375543,58.0534759466536
"313",162.54143715254,54.5690479245968
"314",189.56663123332,44.6994773193728
"315",158.102512672776,47.5163768068887
"316",163.789093639934,38.7879407813307
"317",178.655915085692,36.5015946934
"318",170.631434877869,59.6408151171636
"319",188.527014845749,42.1334245265462
"320",178.325773258694,48.9242574863601
"321",135.489159733988,41.4982013776898
"322",138.443296462065,58.4943477902561
"323",137.422233289108,53.3380187489092
"324",176.144614395453,52.6922600250691
"325",160.539596221643,37.1069754497148
"326",178.552505866392,58.6625948455185
"327",172.419547083555,50.1995255379006
"328",143.613454701845,50.1077720103785
"329",166.550947402138,36.3717622670811
"330",147.842886233702,59.3019543064293
"331",144.875164038967,50.5282386171166
"332",138.591540011112,40.1795174542349
"333",197.18477788032,50.2736984950025
"334",170.161543848226,41.5606273419689
"335",164.940172724891,59.5310528727714
"336",179.038999445038,43.804290095577
"337",170.456170267425,59.2520880070515
"338",198.083073581802,40.0707448099274
"339",156.900506797247,41.4062056480907
"340",167.905353649985,39.3554835836403
"341",162.382463285467,50.4626897594426
"342",195.833319461672,44.5588634256274
"343",161.615265894216,44.0236844029278
"344",195.178418121068,50.9485142794438
"345",184.802078034263,50.1790342119057
"346",185.852830618387,38.2104369427543
"347",142.579473804217,58.4363586234394
"348",171.333660301752,54.9731827073265
"349",169.623835933162,39.5764721173327
"350",187.311250839848,54.5574588200543
"351",167.619509925134,38.2634239178151
"352",178.093027825234,54.5171613013372
"353",146.207162232604,49.4802886759862
"354",167.781713885488,53.2496461318806
"355",181.877761066426,43.7920922844205
"356",148.801683866186,53.2677336910274
"357",181.832811794011,47.3078804870602
"358",196.084096804261,45.5689076182898
"359",171.748914805939,39.235461296048
"360",166.766755870776,39.2956454039086
"361",165.595274893567,50.9177338820882
"362",147.501794872805,48.8961270276923
"363",181.393423022237,52.061835777713
"364",194.657925091451,57.0027267292608
"365",151.893096766435,44.7058346320409
"366",142.439858370926,39.3856262927875
"367",177.876663152128,43.9042105304543
"368",138.225164214382,49.9308138294145
"369",155.508807911538,54.90494710044
"370",136.039880460594,36.3159369875211
"371",143.201553542167,40.2672478544991
"372",197.563487426378,44.4041267526336
"373",141.136163466144,50.5760038644075
"374",193.83461974212,54.2527386767324
"375",190.816492834128,43.8094873644877
"376",148.920498626539,46.066985380603
"377",143.461674959399,53.8809459854383
"378",195.192480490077,42.7517024998087
"379",195.214646839304,42.4670688249171
"380",197.793670796091,42.9168765572831
"381",159.644785484998,38.5010797029827
"382",151.420645095641,46.3824235158972
"383",156.23558316729,35.1161863910966
"384",194.087283627596,53.0778950976674
"385",137.426980307791,35.3384271985851
"386",194.137622129638,57.5122184318025
"387",152.834241747623,50.6789402884897
"388",168.992862568703,54.0991323266644
"389",187.646326938411,56.8632097588852
"390",168.17048974568,41.083386746468
"391",180.240056646289,40.3552131634206
"392",139.211024965625,52.8821232868358
"393",178.207880249247,48.2700704154558
"394",137.69751365413,42.6486585254315
"395",187.399462958565,58.835894750664
"396",171.117034612689,43.9516378880944
"397",138.295035418123,42.7123275899794
"398",191.734326609876,42.666623784462
"399",173.599681979977,42.9202977300156
"400",194.248221478192,53.1130261335056
"401",147.186718450394,44.9784891761374
"402",181.769679756835,40.0129228678998
"403",176.489367743488,45.6776404485572
"404",157.657170339953,40.3568774834275
"405",149.513338266406,57.713489056332
"406",175.749549362808,43.1828264344949
"407",168.135680172127,36.1002060258761
"408",165.556783250067,44.9921672954224
"409",196.109703019029,59.9687671428546
"410",142.179060630733,37.2386049677152
"411",149.966250001453,41.668728828663
"412",187.048420150531,55.9047841315623
"413",155.989202900091,38.0562917585485
"414",173.164300553035,54.186387344962
"415",148.348072259687,55.857250445988
"416",158.009918491589,51.1795478896238
"417",145.333746949909,39.3021387653425
"418",140.362145003164,43.0805430246983
"419",192.4758175842,41.8134846689645
"420",150.97717128112,40.7407378742937
"421",172.60884048068,54.6444034925662
"422",154.950486198068,42.12752706022
"423",179.428423932986,38.6270682932809
"424",183.31660276046,42.8350121504627
"425",137.522438445594,36.157503738068
"426",139.22925376799,55.0842639780603
"427",178.719266974367,53.6601231282111
"428",190.80287396675,49.7040407289751
"429",139.847567866091,51.1545620707329
"430",156.803022066597,45.1194955524988
"431",166.254997394281,37.8275889111683
"432",159.264727379195,53.4616031125188
"433",157.380706981057,45.2091365610249
"434",159.785169210518,45.7888073194772
"435",183.448318552691,37.2492744901683
"436",166.085440765601,40.3912385483272
"437",176.879832814448,38.1068538548425
"438",173.356605811277,43.1226585491095
"439",165.558456343133,56.1294598993845
"440",165.07989191683,36.3511386117898
"441",177.732394727645,57.0670041046105
"442",175.779390492244,37.178675000323
"443",135.711845497135,58.3176755195018
"444",150.240098539507,53.3483078319114
"445",197.077577490127,55.0791377341375
"446",170.992022770224,54.594710477395
"447",151.101289809449,35.5924034921918
"448",142.132031478686,40.9887700947002
"449",168.578364567365,54.8162032989785
"450",161.094853422837,51.9882884074468
"451",135.862904755631,42.3350138729438
"452",142.040257938206,48.1692105554976
"453",192.208964491729,56.2024406297132
"454",193.135025892407,47.9138295596931
"455",198.566939717857,35.8575030427892
"456",164.260853369487,53.6890202458017
"457",166.823738361709,41.3960822299123
"458",185.490155415609,51.8892635731027
"459",161.845381599851,48.9005085628014
"460",195.004433785798,35.2391132700723
"461",177.466734965565,58.4384188719559
"462",188.953003829811,45.0765202310868
"463",171.279379016487,53.4383098676335
"464",164.900560212554,36.2739621859509
"465",159.2173723015,37.6591793110128
"466",197.831429273356,47.8803911444265
"467",177.642262816662,36.5179368958343
"468",167.586041435134,47.5737508409657
"469",153.220166984247,43.6009990191087
"470",181.301540335407,57.1520340011921
"471",142.455535657937,50.058887784835
"472",138.385575538268,35.6989413057454
"473",193.620437224163,37.5285135197919
"474",175.823130346835,50.0500780029688
"475",199.436681329971,49.3380474473815
"476",186.340328503866,53.0370047455654
"477",176.556916151894,52.8356147545855
"478",169.443969817366,38.1015758169815
"479",177.872191980714,55.1686425949447
"480",146.978248242522,49.7542771417648
"481",172.326197247021,48.3682146843057
"482",148.556707140524,45.5463778832927
"483",153.487148170825,58.0749902315438
"484",167.898541764589,51.2175230565481
"485",150.519664624007,37.7305515308399
"486",166.588734618854,47.2070341894869
"487",152.952888535801,40.3301301668398
"488",185.309089870425,46.4762471348513
"489",163.565468479646,39.693351930473
"490",175.76151272282,45.3154405253008
"491",138.554804440355,36.2676246638875
"492",168.423644714057,56.4412777044345
"493",143.195053159725,35.2912210591603
"494",185.873291230528,49.3424498382956
"495",188.464692658745,57.7306484419387
"496",181.635818585055,36.4719169354066
"497",183.531454246258,59.1998282610439
"498",158.759841324063,37.020296768751
"499",154.095271583647,44.4758931780234
"500",146.845557109918,53.9630215289071
"501",161.007217243314,44.6521031169686
"502",145.226770224981,39.655972449109
"503",186.928408140084,51.958722443087
"504",163.577781858621,39.9961686134338
"505",170.270554294111,46.2531527178362
"506",159.667677418329,53.6354243895039
"507",166.527769466629,55.7878215413075
"508",176.745385472896,44.7648309136275
"509",155.813210919732,52.5968852359802
"510",137.707310795086,57.1007300773636
"511",181.398105706321,39.9490856355987
"512",191.126252246322,39.066888068337
"513",142.21245877794,37.6975759421475
"514",166.232520737685,36.4322485309094
"515",135.011667808285,56.8417935073376
"516",143.729645757703,53.6911458265968
"517",165.237885131501,51.4551765541546
"518",178.751334450208,38.8294032332487
"519",167.04745827592,50.2061440807302
"520",145.026618763804,40.4652883380186
"521",192.672628231812,54.3683999066707
"522",189.422782656038,58.0514129681978
"523",190.756792702014,43.0982234911062
"524",161.845941739157,55.439147145953
"525",193.237856630003,51.2034609529655
"526",140.973126394674,52.671432485804
"527",156.228064751485,52.3262397060171
"528",197.425733428681,49.9801350082271
"529",145.682436240604,41.3871570746414
"530",197.447328167036,52.2692230786197
"531",144.769230757374,44.1811239719391
"532",147.952275256393,56.8719161232002
"533",148.762000678107,36.3302973646205
"534",161.332945286995,48.3497631177306
"535",197.442937220912,41.6894539864734
"536",143.462442948949,39.6607816999312
"537",162.866765764775,49.9152419820894
"538",160.205666840775,48.7192142661661
"539",197.779431071831,54.4517536147032
"540",196.4173153718,39.7804404108319
"541",147.75828069658,55.8240269275848
"542",195.962442785967,56.6318149818107
"543",136.791132768849,54.1793509526178
"544",150.17426911043,46.8555259599816
"545",156.2864410982,43.2765399012715
"546",174.2964906001,58.258405708475
"547",189.996372176101,37.376260102028
"548",150.28113149805,57.5271645875182
"549",179.353289429564,55.6100513925776
"550",160.389133106219,56.2167082063388
"551",168.896229745587,59.3488241278101
"552",147.58541029878,48.7407954200171
"553",148.440189054236,59.2782989284024
"554",152.135674027959,50.9144675417338
"555",145.852476703003,55.5287419201341
"556",180.487987073138,37.3042069864459
"557",196.029983551707,39.6551899751648
"558",148.326561530121,48.5203131358139
"559",163.786899120314,40.6178950297181
"560",199.625232329126,40.5047009256668
"561",199.708383610705,59.6913015726022
"562",167.464128216961,39.8586245684419
"563",146.498719962547,54.078764715232
"564",139.398479295196,37.4585772363935
"565",157.582375806523,38.7809791218024
"566",179.511791736586,56.9185817812104
"567",139.000916472869,54.9977583368309
"568",155.388249458047,35.1729428768158
"569",161.82142782025,39.5018655888271
"570",183.148391407449,51.496652411297
"571",199.066375265829,36.2907909287605
"572",145.322859737789,55.8554045122582
"573",143.795255562291,54.1511829500087
"574",155.316221509129,43.9789360528812
"575",187.2795386496,51.8893518275581
"576",148.577858906938,58.517257522326
"577",173.019032664597,36.2152921175584
"578",195.394587035989,37.3946055036504
"579",141.948804981075,55.2134742808994
"580",196.958223021356,41.2837206292897
"581",139.403379560681,58.9440135948826
"582",194.525066334754,53.2660634978674
"583",194.066539964406,59.8312826326583
"584",174.613102381118,35.5950071790721
"585",182.946329431143,36.8820818164386
"586",196.133684599772,41.401769752847
"587",137.123107397929,44.0155605168547
"588",145.580848427489,40.0897944835015
"589",150.120047664968,37.2474995348603
"590",185.498638502322,46.0921960498672
"591",139.90223113331,48.7461347156204
"592",154.134770091623,38.3795529045165
"593",187.928088268964,41.0214274271857
"594",155.205839908449,41.4313069975469
"595",176.419849994127,55.1342349348124
"596",139.803803903051,58.2845778402407
"597",184.821549155749,44.2735318408813
"598",181.299856527476,56.4539915032219
"599",161.568892952055,48.2626817445271
"600",179.213821658632,43.1114027241711
"601",150.535423634574,44.5910023024771
"602",197.106917850906,54.56442669034
"603",182.966530238045,47.1449606725946
"604",172.171334498562,56.9892977562267
"605",153.713873589877,39.842139093671
"606",168.513072289061,43.425059937872
"607",155.153844204033,45.1350425975397
"608",170.822759998264,38.6088870023377
"609",155.600420017727,39.9240013584495
"610",143.213062852155,53.9417528861668
"611",157.905666551087,41.2522165942937
"612",170.992576280842,42.515586016234
"613",176.801889881026,38.2936511153821
"614",197.458142963005,39.3458049360197
"615",148.173848610604,41.8238085950725
"616",173.034333342221,53.968446739018
"617",190.170789600816,50.1853139570449
"618",165.639247872168,41.446646200493
"619",149.7272420011,50.4119649261702
"620",180.033323094249,41.0325753293
"621",142.61172084487,41.1603628448211
"622",180.660685382318,48.3400252321735
"623",161.05046547018,48.5658797167707
"624",141.043230419746,48.1602442066651
"625",143.248493706342,59.1945612418931
"626",182.688347173389,52.0776869053952
"627",185.612633812707,41.4107364683878
"628",168.811361512635,39.2560446017887
"629",168.150749466149,35.7955973793287
"630",178.882280118996,52.4706722784322
"631",178.629097773228,45.3399395360611
"632",199.852045812877,53.2755742629524
"633",163.67879167432,42.3938062821981
"634",180.949613671983,58.2680189947132
"635",199.421459137229,53.365810578689
"636",135.383826303296,51.4217472192831
"637",164.001355911605,38.5485614556819
"638",185.194507603301,56.6927289788146
"639",197.064420996467,38.6865896603558
"640",159.508744291961,40.1127495535184
"641",160.638381491881,43.4551730717067
"642",187.8947700141,59.2791803262662
"643",145.196926946519,43.4596068540122
"644",142.65636755852,51.8084644072223
"645",145.777945319423,44.0556552982889
"646",159.512249763357,51.8473900121171
"647",143.866290585138,44.2163137334865
"648",175.138334786752,44.2922683921643
"649",189.747115769424,56.0870408162009
"650",158.482458605431,40.1297492347658
"651",184.212952911621,55.5109837290365
"652",188.854099939344,54.5869137591217
"653",189.339136447525,56.4923213759903
"654",193.023156832205,43.3578910445794
"655",157.807354248362,40.0303194788285
"656",139.113797210157,47.5221021880861
"657",187.370492048794,54.4651923899073
"658",164.186655917438,54.8350437160116
"659",180.875845858827,46.8771519511938
"660",178.349213829497,39.415399354184
"661",148.680069483817,57.1160966379102
"662",146.814267823938,46.2145762657747
"663",186.020276993513,58.7859345506877
"664",149.266875443282,37.607174863806
"665",152.702839773847,44.0612987463828
"666",179.747381482739,42.4324439570773
"667",190.062984471442,36.1420673748944
"668",141.424706792459,36.55670674867
"669",167.637857589871,36.1798011953942
"670",181.660820438992,40.0323904200923
"671",162.004966789391,40.5918344936799
"672",137.002458609641,37.4296197050717
"673",199.230403311085,48.5686183115467
"674",145.319624771364,44.0716105012689
"675",146.652745559113,56.2419499759562
"676",173.605967944022,36.4844427641947
"677",189.533335422166,35.793689279817
"678",170.474097979022,38.4958885342348
"679",174.364692600211,40.9895777027123
"680",177.489205447491,52.035895853769
"681",196.574632006232,49.824168686755
"682",141.048061084002,55.5784066754859
"683",150.93463488156,56.2058677163441
"684",148.124590236694,57.6827916281763
"685",191.900673318887,54.8850672983099
"686",180.206485593226,51.4182606444228
"687",142.347446675412,39.1307565523311
"688",197.165507163154,59.3523724784609
"689",182.71591210505,53.4960458078422
"690",173.775806488702,51.691105091013
"691",137.154281589901,58.3540351095144
"692",142.152992360061,49.400819898583
"693",135.687096532201,39.6262112795375
"694",136.152163299266,43.6440539511386
"695",149.627084683161,45.3601231472567
"696",166.733722740319,39.7501192195341
"697",173.734844236169,59.3078878731467
"698",191.511353240348,52.2783100162633
"699",179.941220525652,43.3535710931756
"700",169.470158948097,39.1097174398601
"701",193.722607499221,44.6899152849801
"702",138.651000784012,56.8334414123092
"703",193.318630966824,58.6560705059674
"704",190.969350964297,49.7308764513582
"705",195.103394852486,46.9679397612344
"706",162.344967201352,46.3543686806224
"707",198.28804317629,43.6874959466513
"708",150.912635732675,51.6137115680613
"709",192.177696272265,44.6542272891384
"710",179.411702703219,56.1166164255701
"711",161.366700354265,52.8792507678736
"712",188.148662900785,54.1767951357178
"713",172.135396201629,43.2594796898775
"714",189.284422057681,49.6642426319886
"715",188.285256681265,47.6079144596588
"716",159.843852868071,43.7316550547257
"717",185.198817794444,42.9562485567294
"718",146.151068152394,50.0985242449678
"719",153.695245794952,59.0941444353666
"720",176.825930030318,39.4936870224774
"721",165.003546073567,57.4209267646074
"722",162.55550619564,38.0101200798526
"723",148.288462901255,37.1628104383126
"724",144.405211096164,52.9930509941187
"725",152.681966699893,53.4612251177896
"726",159.009488505544,46.436562979361
"727",161.138535632053,51.3274908962194
"728",190.576345925219,35.2945485408418
"729",198.500411976129,58.3745497651398
"730",157.659607881214,41.095284310868
"731",144.900040704524,46.2478540570009
"732",174.798477648292,46.8507456907537
"733",188.497291685781,41.8855775461998
"734",186.776754191378,53.7043965386692
"735",153.82140161586,59.5867581630591
"736",196.065974711673,35.8177646901459
"737",193.407199929934,40.2620227390435
"738",170.428308694391,47.504573649494
"739",186.940280862618,49.5278804702684
"740",137.258537904127,59.3696461431682
"741",186.86073713121,51.5934888471384
"742",173.640907019144,35.5778281600215
"743",156.390180283925,51.9137739227153
"744",150.839204968652,41.4635447284672
"745",192.27905448759,57.3170978890266
"746",159.687454079976,49.3163625267334
"747",153.137247752165,49.1618532710709
"748",189.815784289967,59.7639900248032
"749",175.704972734675,45.5342211725656
"750",177.777569284663,59.981048546033
"751",169.584968648851,49.7449001611676
"752",173.597294789506,35.3509939298965
"753",191.566631961614,38.3998663129751
"754",180.276553947479,40.314107745653
"755",178.481576781487,56.3170018803794
"756",184.090612687869,40.2448857109994
"757",149.229095960036,58.306168243289
"758",168.011765559204,56.4587688678876
"759",147.249177842168,49.1834782087244
"760",184.59167152294,41.3788450846914
"761",195.19793328247,47.1164691634476
"762",192.70676942775,54.2143118241802
"763",176.533839099575,53.3242624741979
"764",136.824733514804,40.6360268150456
"765",188.891674614279,36.8821039062459
"766",192.528371082153,35.5065964476671
"767",147.527129946975,46.6684862063266
"768",154.918022605125,56.7078131448943
"769",175.797453774139,49.5412048324943
"770",165.912444377318,42.2037703124806
"771",146.666959373979,51.4908459526487
"772",164.031642101472,56.8494480941445
"773",166.554861203767,54.1480202192906
"774",198.305190458195,36.7818197666202
"775",149.334172960371,42.4996979965363
"776",153.679076955887,39.5732312719338
"777",180.505178743042,48.158808456501
"778",136.688639700878,41.5432050090749
"779",195.744376204675,48.5291152575519
"780",150.893046172569,35.0019833096303
"781",142.035240278346,53.1079818808939
"782",178.780136540299,41.01789955399
"783",198.254434136907,45.1372662233189
"784",152.704856453929,54.3559251376428
"785",188.514426678885,54.9461944575887
"786",161.152658491628,54.4415136938915
"787",187.009278850164,44.0299405681435
"788",196.583247818053,55.8046863903292
"789",183.540336628212,57.1560861740727
"790",147.402640015353,42.2330821771175
"791",154.673641810659,45.4799994034693
"792",192.335766397882,38.2928235421423
"793",158.359026539838,51.4604936377145
"794",170.385604625335,39.8951117729302
"795",149.600319083547,37.4428733624518
"796",184.584997250931,56.8857057217974
"797",169.255383011186,51.2598040071316
"798",178.782490435988,40.5410486587789
"799",168.013112393674,49.8686838045251
"800",148.613323086174,54.1993137355894
"801",172.704145386815,58.8565958337858
"802",156.523691073526,41.2679442518856
"803",147.984048255021,35.3554673225153
"804",146.324690724723,53.9134473039303
"805",173.665702899452,56.6433711175341
"806",198.684579354012,40.0731192866806
"807",136.275923106587,44.8781289882027
"808",161.563273231732,40.9841546521056
"809",184.424523347989,41.7200507386588
"810",199.200656526955,59.1246140853036
"811",145.188083474059,47.1260629268363
"812",162.674518136773,36.9736051617656
"813",146.114623124013,54.4578287366312
"814",140.717884025071,54.2072618287057
"815",187.245974058751,58.945601581363
"816",166.613351827255,42.4108604516368
"817",182.507615241921,35.0290515366942
"818",192.135379724205,52.5540622731205
"819",183.109327804996,51.1462388234213
"820",181.589473201893,44.069231140893
"821",139.24828281044,38.0566842877306
"822",187.407929397887,56.3546291401144
"823",196.350476505468,36.3317553151865
"824",173.633866807213,52.0492194069084
"825",148.123792720726,55.5438906385098
"826",137.353326937882,53.9250872004777
"827",152.807638777886,44.0539961005561
"828",141.525599788874,53.1431161123328
"829",161.799340137513,58.9333926641848
"830",154.304142660694,38.6997714138124
"831",196.087515633553,36.8610962142702
"832",194.287855344592,41.741888524266
"833",136.525887436001,49.8963203071617
"834",183.625804696931,45.0430949067231
"835",148.558038054034,47.1269780618604
"836",186.422322776634,36.3738071720582
"837",147.688739761943,59.2505128262565
"838",194.790245637996,44.8633925430477
"839",165.959592724685,45.6570646399632
"840",186.642694507027,39.6292505750898
"841",138.598872536095,47.5101036101114
"842",180.584672532277,58.8124719064217
"843",165.340182108339,57.8143424843438
"844",162.678425915074,46.8771207809914
"845",171.489133237628,45.7854651811067
"846",189.763670812827,51.3659684476443
"847",155.443904092535,59.6175116335507
"848",143.772723318543,59.525721615646
"849",194.167812127853,50.7874915748835
"850",169.604990753578,41.0570803878363
"851",181.328158424003,43.7033286108635
"852",178.327868544729,53.1483423977625
"853",144.275682740845,57.4780170887243
"854",165.136352390982,48.6654022557195
"855",169.020035832655,47.9801405710168
"856",172.69997159834,38.5812983347569
"857",179.466240025358,40.1127665792592
"858",197.925535809482,40.8647085097618
"859",166.838109978708,36.2483375438023
"860",161.637474210002,42.832500647055
"861",194.989643275039,51.1925652937498
"862",160.62445859774,44.3200383940712
"863",160.026721446775,47.6340762362815
"864",180.011810472934,55.3904736845288
"865",190.26967536076,47.5128436484374
"866",185.640832979698,35.3106011310592
"867",166.036063604988,36.2206353363581
"868",184.624490219867,42.7112581580877
"869",186.211228788598,48.6498750653118
"870",169.916203013854,59.328618159052
"871",185.214111586101,42.0721101772506
"872",195.804358388996,50.3936138260178
"873",190.526259313338,54.5326996210497
"874",151.430650510592,52.2476855630521
"875",174.985541036585,36.9286174676381
"876",136.184827871621,36.5509348828346
"877",177.648094821488,55.3541553870309
"878",152.509362645214,47.0238993142266
"879",172.410856736824,44.0030555613339
"880",188.610439961776,54.8588672792539
"881",162.081281093415,59.3312875216361
"882",164.640834518941,57.623306902824
"883",156.173564431956,40.3236437321175
"884",144.471582397819,43.1776986015029
"885",146.183575709583,44.7587339230813
"886",181.87753823353,55.7098007376771
"887",193.777655336307,40.985253182007
"888",180.520717826439,41.3507435610518
"889",186.974491644651,41.9799109653104
"890",140.848064806778,40.540367361391
"891",152.306734687882,45.0811327050906
"892",181.447701250436,48.4070374362636
"893",171.266355868429,45.1400228042621
"894",182.122457450023,35.1144663314335
"895",150.656129039126,47.6287110790145
"896",191.299992046552,51.7439727811143
"897",160.654270261293,53.6149039946031
"898",173.562986393226,36.9620511389803
"899",148.154021265218,37.2352574509569
"900",192.670847838745,39.8084528825711
"901",188.880578114185,51.9805009441916
"902",158.601330118254,54.2083950329106
"903",184.822164730867,41.0599063406698
"904",159.496799032204,46.2986354914028
"905",164.558849583846,59.7829395229928
"906",183.584348591976,46.3282220787369
"907",189.617311264155,41.5300029877108
"908",182.067814507755,39.98234416591
"909",176.537512966897,44.5654117816593
"910",147.091831091093,55.6340519711375
"911",159.810846433975,37.9139597667381
"912",189.951612366131,59.0853629016783
"913",194.257631264627,46.2994148570579
"914",149.112315314123,44.167666034773
"915",182.27466439479,37.6889111497439
"916",189.041738025844,43.4162026061676
"917",154.780733084772,53.0022130545694
"918",141.053193641128,37.9371497686952
"919",141.814263430424,37.7631766104605
"920",189.096071114764,37.0138168591075
"921",161.91145253717,53.7888574087992
"922",193.442304691998,55.4854395415168
"923",165.370094866958,57.7775694685988
"924",189.795876340941,54.6827115258202
"925",197.049820735119,41.2646158155985
"926",143.979807948926,45.4940858378541
"927",176.245974351186,47.6908368431032
"928",137.01612077537,35.5416584608611
"929",195.947456744034,36.4508337248117
"930",144.868511892855,40.9154395828955
"931",165.73957228451,48.8012921670452
"932",149.561757657211,52.6863274595235
"933",173.747202744707,38.9839695557021
"934",193.726910214173,44.2649639584124
"935",148.674862664193,45.0485585979186
"936",146.482554604299,38.6216927517671
"937",198.214621795341,53.0451053893194
"938",163.139929641038,36.7722743563354
"939",146.78665653686,50.0088145746849
"940",170.315044325544,54.9243719049264
"941",150.243556444766,39.6666310750879
"942",178.103139995364,54.1111996537074
"943",150.150652243756,47.7171516418457
"944",190.780851163436,39.9294051597826
"945",192.166899864096,58.3817659784108
"946",145.323091469472,55.3798944421578
"947",185.96269165515,35.915558548877
"948",149.084024041658,35.6936494086403
"949",162.732259733602,35.2655937452801
"950",187.939870021073,50.6590298749506
"951",199.578734319657,55.8802792069037
"952",156.793876928277,57.9547563300002
"953",187.769042031141,59.9881746247411
"954",152.512813815847,44.1991306107957
"955",175.376743042143,40.0030620768666
"956",185.659642306855,57.7372280845884
"957",187.141394830542,43.9216055057477
"958",146.31313832826,45.9963057737332
"959",194.832557751797,53.5332047054544
"960",198.461584025063,38.7439350096975
"961",185.475713834167,40.7322091248352
"962",165.889903809875,58.8427821139339
"963",182.585382590769,35.1988505537156
"964",143.333827052265,47.2377081832383
"965",140.875472904881,38.8082398823462
"966",165.352095011622,52.4796201870777
"967",169.436126187211,52.7141591906548
"968",154.054263853468,57.6581941591576
"969",141.642159977928,43.9439358911477
"970",164.01228605886,35.0138982955832
"971",144.070615032688,42.2043792868499
"972",135.923133139731,40.6137100444175
"973",135.604856997961,49.3573557725176
"974",143.544650595868,50.1829297887161
"975",165.528951490996,56.2436579226051
"976",178.217590082204,40.2171272400301
"977",165.514283172088,46.8741679296363
"978",142.113445816794,50.713700390188
"979",146.087983817561,46.6436724376399
"980",138.828136288794,56.610332862474
"981",175.276879898738,58.5349663940724
"982",168.64408745314,41.8249266478233
"983",195.563591031823,38.2414623303339
"984",136.603816733696,45.003344505094
"985",163.02233200171,35.4781796364114
"986",184.021783913486,59.2878067947458
"987",144.090831715148,52.9329736100044
"988",181.632030380424,59.8109174077399
"989",147.438556428533,45.8862670138478
"990",168.549586585723,46.6061759414151
"991",185.591515295673,36.9423613150138
"992",179.074818395311,52.9247338091955
"993",147.485527496319,53.5533991840202
"994",173.118313209852,48.107951724669
"995",178.916624413105,35.3679126442876
"996",172.832867720863,36.815064920811
"997",153.253043886507,43.3144924254157
"998",143.431625359226,46.5672941552475
"999",192.410666218493,49.9674585089087
"1000",160.349999085302,42.8823696647305
"1001",138.110266025178,52.4368027539458
"1002",194.041185927344,50.0283670343924
"1003",170.002322222572,40.1051527145319
"1004",176.958641684614,42.929590245476
"1005",148.50175249856,45.4280898405705
"1006",140.215556053445,58.2901926792692
"1007",177.043984232005,37.7600233210251
"1008",135.726094619604,36.9159956311341
"1009",175.279971137643,55.7924809597898
"1010",183.266828771448,40.4381048656069
"1011",147.962161945179,51.5419813420158
"1012",189.689001452643,35.8154481009115
"1013",191.777308054734,47.8785611479543
"1014",188.206893022871,51.1731782660354
"1015",147.969530428527,45.0080607575364
"1016",166.985279710498,35.4312067001592
"1017",153.641533971531,56.0132154170424
"1018",188.572633358417,57.6867389923427
"1019",165.674310137983,39.0383309184108
"1020",198.083694892703,44.7021041321568
"1021",157.88528522593,44.2763753200416
"1022",136.179475644603,47.626258347882
"1023",189.950228801463,37.6023015147075
"1024",150.41702401475,42.766233861912
"1025",192.96263498487,44.3129159300588
"1026",172.958833019948,50.0169280532282
"1027",153.916177664651,41.2036221672315
"1028",148.570576657075,35.4656090866774
"1029",194.343265837524,52.7455504832324
"1030",180.735312548932,36.2242963304743
"1031",142.249594930327,41.8769360426813
"1032",136.328204162419,55.4304454498924
"1033",185.113732146565,59.2615988652688
"1034",188.519741540076,41.4344436104875
"1035",190.196929606609,41.8387142615393
"1036",191.522891895147,55.5442113918252
"1037",146.111569735222,51.2058555404656
"1038",146.791317322059,42.5705154216848
"1039",196.043817533646,42.2749931947328
"1040",143.842828811612,43.2778574782424
"1041",163.672810493736,44.2304281657562
"1042",155.524105471559,56.2199774105102
"1043",158.707195402822,59.2122756608296
"1044",183.607819400495,51.9896533887368
"1045",167.596931189764,58.1903084029909
"1046",176.362253577681,56.1742547980975
"1047",189.201842311304,59.4065972918179
"1048",142.439079257892,49.0557934413664
"1049",161.619293291587,40.7945631328039
"1050",146.625183533179,36.8481052829884
"1051",182.521028150804,37.7008447039407
"1052",163.882754570805,56.2812653393485
"1053",186.557462135097,49.1320372291375
"1054",137.763642811915,51.4988730510231
"1055",171.027761707082,44.150933008641
"1056",180.58265314321,40.9360284416471
"1057",157.261220044456,47.6705967122689
"1058",150.683900277363,56.3945376570337
"1059",162.936589462915,55.7403324602637
"1060",142.332953729201,49.7324641817249
"1061",189.105780357495,37.205018204404
"1062",168.725664572557,56.4873749238905
"1063",190.846893225098,55.3787182748783
"1064",161.984109076438,46.4588170312345
"1065",167.936161432881,43.8422799366526
"1066",194.941263217479,58.4965814743191
"1067",197.598439441063,46.4738735952415
"1068",168.823498989223,42.6200832147151
"1069",142.271077268524,41.1903418449219
"1070",170.147341459524,57.710809786804
"1071",188.91441516229,56.687117399415
"1072",154.068346214481,35.681727565825
"1073",144.257036361378,47.0478371158242
"1074",199.62626026012,45.0046219886281
"1075",189.882312894333,46.4084880857263
"1076",135.872297576861,52.2172298422083
"1077",163.461127505871,42.2683213395067
"1078",173.186285430565,47.6898416492622
"1079",194.456603802973,43.3519411098678
"1080",152.455081102671,53.7982566654682
"1081",171.562999164453,55.1903190580197
"1082",166.46053867531,58.0201341444626
"1083",183.443900108105,36.4479039236903
"1084",199.506169810193,54.6208293316886
"1085",195.423507867381,57.3644234531093
"1086",149.686872093007,35.2489481179509
"1087",193.9601375442,39.7750442230608
"1088",169.315323637566,42.4015836813487
"1089",168.900092242984,39.5126223063562
"1090",154.258241323987,35.9652335604187
"1091",151.128530919086,54.8621136485599
"1092",171.146562392823,35.0991722976323
"1093",156.542182042031,47.1784671617206
"1094",164.421697767684,45.2584616455715
"1095",162.304249983281,39.8810398555361
"1096",173.186290212907,57.144134278642
"1097",160.257394204382,47.8847394604236
"1098",194.470653656172,48.2626218663063
"1099",194.710501275258,52.765768506797
"1100",142.17924809549,53.2155331538524
"1101",170.74193932116,38.4622530685738
"1102",149.578571037855,46.3777468388434
"1103",177.884264154127,45.25310754776
"1104",154.507004438201,48.319945911644
"1105",140.593601686414,41.951406202279
"1106",196.877305199159,56.8574419617653
"1107",199.329132630955,37.3637430393137
"1108",143.714895639569,37.5665898167063
"1109",184.289038011339,52.3432940267958
"1110",163.178472558502,44.2949435231276
"1111",194.863530979492,46.1703499162104
"1112",140.861055719433,54.9615498015191
"1113",150.009713690961,38.0715597560629
"1114",194.551714237314,57.4665946152527
"1115",178.419586831005,47.9909498384222
"1116",155.809200018412,40.7565757655539
"1117",190.021166679217,36.4167906250805
"1118",171.287186173722,40.1486244541593
"1119",153.622230943292,37.4388657649979
"1120",164.135725615779,38.5303935059346
"1121",149.161764149321,39.5136805973016
"1122",148.468935678247,58.3902942214627
"1123",155.472510182299,47.0157406956423
"1124",195.664658613969,52.4759536166675
"1125",172.409856077284,57.7255422272719
"1126",169.396930586081,46.2878456595354
"1127",197.176376153948,53.8775445043575
"1128",156.329401098192,40.0983785185963
"1129",187.291986781638,48.8162506103981
"1130",176.168920131167,40.4564488120377
"1131",187.194569064304,40.1777365792077
"1132",197.96442708117,54.2812310997397
"1133",153.518197991652,44.2631167441141
"1134",166.50789263309,51.3610950112343
"1135",148.762233923189,56.7871369386557
"1136",192.728865570389,38.761214815313
"1137",169.279494244838,58.3789267658722
"1138",135.293379242066,39.6335984952748
"1139",186.981029680464,55.0170491647441
"1140",151.835060616722,41.5614104969427
"1141",154.332024740288,43.0757811374497
"1142",152.471488559386,46.4226983627304
"1143",161.196682486916,43.6667806841433
"1144",149.012425459223,58.2043270894792
"1145",192.985789553495,46.7142711766064
"1146",195.25820348179,42.4346103530843
"1147",145.813956880011,37.8815139725339
"1148",158.686500698095,49.5684289454948
"1149",185.270343052689,47.1253801684361
"1150",156.869272947079,54.1204623610247
"1151",196.257786238566,37.3692216025665
"1152",184.315323999617,51.4377945708111
"1153",156.895408427808,42.7891998633277
"1154",168.08672662708,46.2190786516294
"1155",141.76334357122,37.5036884122528
"1156",198.356233144877,57.0810077735223
"1157",170.539912879467,47.9851553123444
"1158",175.725275302539,57.2388882946689
"1159",197.719248422654,52.4733816180378
"1160",196.004783245735,37.3774683417287
"1161",161.44611736876,59.6593127259985
"1162",198.003939300543,49.6544544026256
"1163",141.999706497882,46.2607583170757
"1164",148.260141769424,36.9612414296716
"1165",146.49291707552,52.7023216965608
"1166",173.402224157471,45.5563213990536
"1167",166.879251190694,39.8224824771751
"1168",141.813542719465,55.9493430622388
"1169",196.037109391764,52.4872051691636
"1170",156.158301301766,58.9336242259014
"1171",192.176739955321,41.8993992754258
"1172",161.019717920572,40.5231310368981
"1173",161.934665795416,41.1974392738193
"1174",198.396689362125,39.3342328630388
"1175",197.25071722758,57.7149756217841
"1176",191.784748833161,56.9337864255067
"1177",143.103931470541,50.0583843525965
"1178",157.703703823499,56.0958199633751
"1179",137.749503259547,36.8052924540825
"1180",185.510267809732,37.3706234700512
"1181",185.037893473636,58.9716680662241
"1182",173.534090003232,52.7642064751126
"1183",181.900226311991,50.96011070651
"1184",139.918319898425,46.6127279703505
"1185",171.483874538681,42.7622078475542
"1186",185.905593888601,40.8237738732714
"1187",157.561796649825,54.5802598318551
"1188",199.338684828253,50.7867381698452
"1189",176.817096516024,52.4373958434444
"1190",159.436151996488,52.1995654003695
"1191",154.808724628529,35.895382266026
"1192",162.41494750604,40.1151700667106
"1193",155.834815404378,38.5093860176858
"1194",171.747485990636,35.8558811037801
"1195",168.521593800979,35.9810380637646
"1196",199.336340966402,35.8426299784333
"1197",192.971675759181,55.409702201141
"1198",157.360254768282,54.0426969144028
"1199",145.922999198083,36.8884766206611
"1200",137.988097224152,56.9957098481245
"1201",158.862048283918,39.0547729702666
"1202",173.714584134286,36.9457679009065
"1203",154.623657792108,39.1157637606375
"1204",165.748531138524,40.5993626534473
"1205",195.79893572838,40.5074885662179
"1206",168.443839467363,56.3088380114641
"1207",183.661911964882,39.1723938484211
"1208",154.945421214215,56.0193903301843
"1209",191.064803744666,57.0133950409945
"1210",145.483393132454,57.8980974003207
"1211",146.655206149444,46.0211656603497
"1212",166.420138907852,37.1448105340824
"1213",189.820710979402,36.9702327321284
"1214",179.264164307388,57.0240748138167
"1215",183.474399535917,37.4934786313679
"1216",193.909961021272,46.8857616733294
"1217",167.425852247979,47.8333471831866
"1218",140.361435703235,59.0719085384626
"1219",195.486106249737,44.9525026453193
"1220",186.487267063931,58.6146131413989
"1221",138.976131549571,36.6291656589601
"1222",168.956611391623,39.105018050177
"1223",145.640762115363,45.0372219108976
"1224",147.478660810739,45.2256313955877
"1225",135.906242923811,41.3288123405073
"1226",182.4199844955,44.5882212917786
"1227",140.924148892518,50.3242136875633
"1228",181.088784650201,37.3086004541256
"1229",189.150457959622,35.277129013557
"1230",160.962759568356,55.2124980394728
"1231",140.964715572773,48.5779734118842
"1232",156.261368583655,48.1046800059266
"1233",149.637809129199,46.5604051679838
"1234",136.12968402449,38.2975343987346
"1235",143.935165714938,53.1693980877753
"1236",175.641066336539,58.5177767463028
"1237",146.385133920703,49.9054927518591
"1238",147.143508058507,36.0991648363415
"1239",167.041253293864,50.5298280820716
"1240",168.699806528166,37.3503908189014
"1241",157.655226060888,39.3178343854379
"1242",173.685339586809,55.2732610167004
"1243",142.757534465054,35.5813522206154
"1244",183.285831783433,35.4869032476563
"1245",167.707551619969,35.8554888132494
"1246",172.698547701584,49.8385715903714
"1247",139.233331258874,36.9433123525232
"1248",185.711667023133,51.0488323424943
"1249",178.20331754745,54.2863152187783
"1250",186.955556387547,42.8837032604497
"1251",137.939048259286,47.2126424044836
"1252",138.895699831191,51.9919786800165
"1253",197.894504785072,45.878268617671
"1254",190.108840723988,49.4265135517344
"1255",155.328468253138,55.5313600657973
"1256",195.314563647844,59.9571496387944
"1257",169.206738441717,59.3296029162593
"1258",137.89447302348,41.6351419838611
"1259",179.045876467135,40.6230630667415
"1260",169.302002380136,49.9671614635736
"1261",160.983978892909,50.7613923307508
"1262",151.368512383197,51.8941721902229
"1263",144.981392357731,55.4115735657979
"1264",178.604045084212,49.9446210300084
"1265",158.833246254362,57.0060986233875
"1266",184.112825150369,47.1834810764994
"1267",199.665693071438,54.1554217017256
"1268",198.543090710882,55.7998313882854
"1269",181.461653020233,53.0761684314348
"1270",184.848477703054,45.8523948700167
"1271",178.363148679491,54.5010739611462
"1272",173.277393907774,35.9861162339803
"1273",177.176886060042,47.3165018856525
"1274",173.206777627347,44.1375301068183
"1275",144.211837332696,42.865067460807
"1276",151.516216647578,35.759458245011
"1277",179.946473609889,39.505338385934
"1278",168.988646087237,57.478690429125
"1279",153.263346487656,56.5756985300686
"1280",165.26858552359,55.9079613152426
"1281",138.338098435197,55.3513745218515
"1282",140.42907779105,37.4026250932366
"1283",167.175925269257,40.5066103581339
"1284",136.472889982397,50.1006308791693
"1285",135.377422960009,43.7290044757538
"1286",184.99374907231,51.5550689562224
"1287",187.400415068259,37.4263958621304
"1288",147.908232843038,39.3373418448027
"1289",171.001890677726,47.5787095865235
"1290",187.669789256761,52.1866279444657
"1291",136.438141186954,40.4112986836117
"1292",167.560011619935,40.1231469784398
"1293",141.630854114192,46.1781364714261
"1294",174.774823158514,55.9475221636239
"1295",177.268733908422,51.5770771214738
"1296",137.268779091537,39.3566647043917
"1297",154.354766105535,43.9343536470551
"1298",145.721235104138,54.3936175142881
"1299",146.206532325596,48.4266450535506
"1300",180.337679081131,53.9764872717205
"1301",169.161335104145,58.9624646725133
"1302",170.199123002822,58.7358817539643
"1303",196.61330786068,52.7967202849686
"1304",162.18702535145,49.0381100238301
"1305",164.985755733214,57.9195031162817
"1306",181.235210379818,40.5785204807762
"1307",198.825840926729,39.4791434716899
"1308",175.066350453999,51.0737989121117
"1309",195.40480646072,51.6390678554308
"1310",176.913129473105,43.6049623147119
"1311",181.182428600732,51.0040945163928
"1312",168.91985737253,51.3957461947575
"1313",160.159533454571,58.6497926875018
"1314",149.894947379362,46.7073615489062
"1315",165.108643822605,48.5611079807859
"1316",174.369790349156,35.7384329452179
"1317",175.411207666621,59.7076572559308
"1318",157.306260514306,57.9394313821103
"1319",148.892595677171,52.8995730762836
"1320",166.520824114559,41.6842483764049
"1321",171.861359820468,38.4436916699633
"1322",151.895115550142,53.7538038415369
"1323",192.577046282822,58.0240329052322
"1324",190.193809280172,43.5870972368866
"1325",152.147941717412,36.3297762314323
"1326",160.608786365483,40.4086131392978
"1327",156.547751154285,45.1203391386662
"1328",191.689900701167,46.5804551227484
"1329",143.657181072049,51.738338326104
"1330",168.685732248705,56.2168653670233
"1331",142.360908815172,40.4656550812069
"1332",180.011448150035,37.5640958221629
"1333",175.225939744851,48.9146191941109
"1334",190.323540839599,45.3121378982905
"1335",188.517836912069,53.2431235909462
"1336",157.42861496401,58.1475171633065
"1337",160.355109107913,44.809067111928
"1338",195.543827461079,36.7432931694202
"1339",164.390711176675,52.139396595303
"1340",178.0022443505,47.5413633766584
"1341",184.249974968843,36.789072790416
"1342",169.018692917889,47.3786132549867
"1343",139.391402640613,46.5115240158048
"1344",168.149999122834,35.9091972373426
"1345",159.097270501079,37.4201547668781
"1346",165.096485249233,43.8686746545136
"1347",187.231074083829,35.3939191810787
"1348",190.899974369677,59.4932933303062
"1349",158.014816547511,53.6079541861545
"1350",135.210891116876,55.3356234531384
"1351",177.161181229167,38.6251183541026
"1352",153.312174814055,47.8411464509554
"1353",186.281422664179,39.541728598997
"1354",151.801644278457,41.7900820984505
"1355",173.309142601211,48.8878589728847
"1356",162.257367555285,52.5269236962777
"1357",158.138832164695,47.2033870196901
"1358",143.148891321616,40.9976742893923
"1359",189.516896093264,48.3378398953937
"1360",158.690929342993,55.0975567393471
"1361",173.665428868262,56.106773626525
"1362",172.25822784123,54.0419901045971
"1363",164.651372756343,36.1322560138069
"1364",187.686296340544,35.418271048693
"1365",196.873078320641,50.2855644701049
"1366",193.413240768714,55.8539559622295
"1367",185.061411984498,42.8009758435655
"1368",168.900680940133,46.3936994865071
"1369",198.067677529762,40.3285344911274
"1370",179.317617173074,49.0905136242509
"1371",190.650286644232,37.1098569268361
"1372",193.647458300693,56.9985490373801
"1373",148.729495103471,47.4089670018293
"1374",135.284991469234,58.7112540286034
"1375",135.900588122895,36.0564142954536
"1376",176.719863645267,44.2242609360255
"1377",180.449430217268,52.1786106307991
"1378",161.956178643741,52.5440943508875
"1379",162.138971507084,45.9951606893446
"1380",190.84250571439,57.7259381383192
"1381",171.246391136665,43.3390688989311
"1382",185.684561559465,54.4089185330085
"1383",196.320426572347,41.6031952155754
"1384",199.636906947708,59.5072157762479
"1385",165.638930981513,47.191042653285
"1386",196.479886376765,57.8480114310514
"1387",174.085565053392,35.3767645510379
"1388",142.608978550415,54.0928638156038
"1389",185.948075200431,44.4070804654621
"1390",183.619798742002,46.9064357015304
"1391",137.012895827647,40.6492500763852
"1392",145.532590849325,46.0942716069985
"1393",169.205653576646,55.0164424837567
"1394",197.21604938386,47.0817648421507
"1395",137.953523680335,53.7693350657355
"1396",179.258161016041,53.0348738853354
"1397",178.00482947845,37.3195797984954
"1398",182.643655103166,57.7645618200768
"1399",169.292679992504,44.2030797561165
"1400",151.964749922045,56.4499497087672
"1401",159.529369804077,47.6810840796679
"1402",164.872442133492,39.5301664154977
"1403",166.357898656279,58.7291749741416
"1404",152.978591653518,36.9049653492402
"1405",140.926506813848,43.495730755385
"1406",137.737295530969,59.3094854755327
"1407",145.936837553745,58.45027900883
"1408",169.697121607605,41.3908257638104
"1409",157.061100879218,49.7300801414531
"1410",163.356229722267,40.3682481055148
"1411",142.941146047087,51.0008853650652
"1412",172.081163042458,36.7750487895682
"1413",143.311276027234,37.446178306127
"1414",159.238965117838,45.8421582495794
"1415",182.811301398324,37.2785147244576
"1416",170.755170516204,39.0382456150837
"1417",165.138659023214,46.6001687885728
"1418",180.884635257535,35.795334513532
"1419",146.485860382672,59.3892461352516
"1420",160.279152374715,58.9164596656337
"1421",160.359497738536,35.8359319821466
"1422",185.993517598836,37.1808940568008
"1423",175.623491156148,41.4471382123884
"1424",152.566045649583,36.6788140579592
"1425",164.481080661062,43.8852864224464
"1426",194.306044329423,43.7014728691429
"1427",146.13665428129,55.8121838397346
"1428",185.870538130403,59.4577231060248
"1429",181.607269035885,58.5477866837755
"1430",198.909597280435,36.8344436481129
"1431",154.321405929513,44.4648186059203
"1432",194.001499424921,49.3026668927632
"1433",188.880543154664,36.9386939588003
"1434",136.099906472955,37.8570032445714
"1435",185.253924079007,58.7329491996206
"1436",136.700089670485,48.3148418099154
"1437",154.127481878968,55.1967714820057
"1438",150.485165736172,43.4615758794826
"1439",155.745504648658,54.2825451958925
"1440",162.797429623315,59.0001874102745
"1441",166.686313709943,43.985870052129
"1442",150.692828454776,59.1448903165292
"1443",160.488636045484,59.9988918891177
"1444",165.044846192468,53.3463827415835
"1445",175.67327265162,59.6809728094377
"1446",170.877435418079,35.9798763087019
"1447",185.248618933838,46.403098993469
"1448",190.479787667282,53.4521240415052
"1449",157.561272786697,51.0255733993836
"1450",179.108571510296,43.1408252764959
"1451",148.707686975831,47.7296896418557
"1452",164.759272851516,54.33994514402
"1453",161.646708336193,45.5225159146357
"1454",158.675257716095,55.2018351643346
"1455",167.374369888566,37.9656096477993
"1456",153.325291338842,41.9557542563416
"1457",144.251284475904,51.4863142650574
"1458",149.69213138218,35.5883002770133
"1459",135.057424524566,43.4797704650555
"1460",143.815944788512,55.1632514945231
"1461",150.462277510669,48.281203614315
"1462",144.483685232699,37.116642013425
"1463",164.492479765322,39.7614269191399
"1464",148.264467276167,35.2105400606524
"1465",158.564860270126,41.1503371514846
"1466",176.547035259428,48.7524693447631
"1467",150.601740605198,48.2527082052547
"1468",197.845587561605,41.8547517061234
"1469",150.382585708285,54.3943971360568
"1470",187.152228241321,58.7506852834485
"1471",194.280854632379,40.6379855843261
"1472",166.483045130735,46.4241376577411
"1473",137.043959011789,57.7270467439666
"1474",188.066109805368,41.136290053837
"1475",149.287794630509,55.0037806527689
"1476",188.968460584292,37.6178115513176
"1477",151.495936387219,39.3372298125178
"1478",199.733171651606,39.0505486365873
"1479",173.587373247137,47.0387606264558
"1480",168.055530657293,44.7415820986498
"1481",159.223851950374,57.0715494535398
"1482",166.265150744002,37.5499645737
"1483",187.590087814024,39.8906276875641
"1484",172.877666712739,51.2909930630121
"1485",168.296805775026,56.8011882854626
"1486",183.141459448962,51.419859911548
"1487",178.636643899372,38.8017445418518
"1488",156.980283001903,41.1084522982128
"1489",136.290371195646,44.6386094461195
"1490",162.328680105275,37.6607475068886
"1491",148.329143479932,50.3639812371694
"1492",186.522900698474,54.78276707232
"1493",177.415367276408,49.1139788553119
"1494",148.909482654417,45.7408303476404
"1495",188.397969370708,58.625932779396
"1496",140.843189300504,38.3514253329486
"1497",161.507536132121,49.4688864646014
"1498",162.441457810346,45.4489877063315
"1499",195.661334977485,40.157325102482
"1500",191.81021481636,58.9252414903603
